<?xml version="1.0" encoding="UTF-8"?>

<mbean code="org.jboss.jms.server.destination.QueueService" name="jboss.messaging.destination:service=Queue,name=jms/PortaFIBMailsQueue" xmbean-dd="xmdesc/Queue-xmbean.xml">
	<depends optional-attribute-name="ServerPeer">jboss.messaging:service=ServerPeer</depends>
	<depends>jboss.messaging:service=PostOffice</depends>
	<attribute name="JNDIName">jms/PortaFIBMailsQueue</attribute>
	<attribute name="RedeliveryDelay">10000</attribute>
	<attribute name="MaxDeliveryAttempts">3</attribute>
</mbean>
