<?xml version="1.0" encoding="UTF-8"?>
<server>

  <!-- ==================================================================== -->
  <!-- Mail Connection Factory                                              -->
  <!-- ==================================================================== -->

  <mbean code="org.jboss.mail.MailService" name="jboss:service=portafibMail">
    <attribute name="JNDIName">java:/es.caib.portafib.mail</attribute>
    <attribute name="Configuration">
      <!-- A test configuration -->
      <configuration>
        <!-- Change to your mail server prototocol -->
        <property name="mail.store.protocol" value="pop3"/>
        <property name="mail.transport.protocol" value="smtp"/>

        <!-- Change to the user who will receive mail  -->
        <property name="mail.user" value="nobody"/>

        <!-- Change to the mail server  -->
        <property name="mail.pop3.host" value="localhost"/>

        <!-- Change to the SMTP gateway server -->
        <property name="mail.smtp.host" value="localhost"/>

        <!-- The mail server port -->
        <property name="mail.smtp.port" value="25"/>

        <!-- Change to the address mail will be from  -->
        <property name="mail.from" value="portafib@portafib.com"/>

        <!-- Enable debugging output from the javamail classes -->
        <property name="mail.debug" value="false"/>
      </configuration>
    </attribute>
    <depends>jboss:service=Naming</depends>
  </mbean>

</server>